Trial,MQ136,MQ2,MQ3,MQ135,MQ138,MQ137,Label
Trial 1,1.5,59.099999999999994,3.2333333333333343,21.03333333333333,77.36666666666667,89.06666666666666,Worcestershire Sauce
Trial 1,1.5,60.099999999999994,4.233333333333334,22.03333333333333,80.36666666666667,89.06666666666666,Worcestershire Sauce
Trial 1,1.5,62.099999999999994,4.233333333333334,24.03333333333333,87.36666666666667,92.06666666666666,Worcestershire Sauce
Trial 1,1.5,63.099999999999994,4.233333333333334,23.03333333333333,85.36666666666667,90.06666666666666,Worcestershire Sauce
Trial 1,1.5,64.1,3.2333333333333343,24.03333333333333,88.36666666666667,94.06666666666666,Worcestershire Sauce
Trial 1,1.5,64.1,3.2333333333333343,24.03333333333333,90.36666666666667,93.06666666666666,Worcestershire Sauce
Trial 1,1.5,65.1,3.2333333333333343,25.03333333333333,92.36666666666667,96.06666666666666,Worcestershire Sauce
Trial 1,1.5,66.1,3.2333333333333343,26.03333333333333,94.36666666666667,98.06666666666666,Worcestershire Sauce
Trial 1,1.5,67.1,4.233333333333334,27.03333333333333,97.36666666666667,101.06666666666666,Worcestershire Sauce
Trial 1,2.5,67.1,3.2333333333333343,28.03333333333333,102.36666666666667,103.06666666666666,Worcestershire Sauce
Trial 1,2.5,69.1,4.233333333333334,28.03333333333333,101.36666666666667,103.06666666666666,Worcestershire Sauce
Trial 1,2.5,70.1,3.2333333333333343,29.03333333333333,102.36666666666667,104.06666666666666,Worcestershire Sauce
Trial 1,1.5,70.1,3.2333333333333343,30.03333333333333,103.36666666666667,106.06666666666666,Worcestershire Sauce
Trial 1,1.5,72.1,4.233333333333334,31.03333333333333,105.36666666666667,107.06666666666666,Worcestershire Sauce
Trial 1,1.5,72.1,4.233333333333334,30.03333333333333,108.36666666666667,109.06666666666666,Worcestershire Sauce
Trial 1,1.5,73.1,5.233333333333334,32.03333333333333,110.36666666666667,111.06666666666666,Worcestershire Sauce
Trial 1,1.5,74.1,4.233333333333334,32.03333333333333,115.36666666666667,114.06666666666666,Worcestershire Sauce
Trial 1,2.5,77.1,5.233333333333334,33.03333333333333,114.36666666666667,114.06666666666666,Worcestershire Sauce
Trial 1,1.5,78.1,4.233333333333334,33.03333333333333,114.36666666666667,114.06666666666666,Worcestershire Sauce
Trial 1,0.5,79.1,5.233333333333334,35.03333333333333,116.36666666666667,117.06666666666666,Worcestershire Sauce
Trial 1,1.5,81.1,5.233333333333334,34.03333333333333,119.36666666666667,117.06666666666666,Worcestershire Sauce
Trial 1,2.5,81.1,4.233333333333334,35.03333333333333,118.36666666666667,116.06666666666666,Worcestershire Sauce
Trial 1,2.5,82.1,4.233333333333334,36.03333333333333,120.36666666666667,118.06666666666666,Worcestershire Sauce
Trial 1,1.5,84.1,4.233333333333334,36.03333333333333,124.36666666666667,122.06666666666666,Worcestershire Sauce
Trial 1,1.5,87.1,6.233333333333334,38.03333333333333,125.36666666666667,123.06666666666666,Worcestershire Sauce
Trial 1,1.5,87.1,4.233333333333334,39.03333333333333,129.36666666666667,125.06666666666666,Worcestershire Sauce
Trial 1,1.5,87.1,5.233333333333334,38.03333333333333,127.36666666666667,126.06666666666666,Worcestershire Sauce
Trial 1,0.5,89.1,5.233333333333334,39.03333333333333,128.36666666666667,124.06666666666666,Worcestershire Sauce
Trial 1,2.5,91.1,4.233333333333334,39.03333333333333,131.36666666666667,127.06666666666666,Worcestershire Sauce
Trial 1,1.5,92.1,5.233333333333334,40.03333333333333,131.36666666666667,126.06666666666666,Worcestershire Sauce
Trial 1,1.5,94.1,5.233333333333334,40.03333333333333,133.36666666666667,127.06666666666666,Worcestershire Sauce
Trial 1,1.5,95.1,4.233333333333334,41.03333333333333,134.36666666666667,129.06666666666666,Worcestershire Sauce
Trial 1,2.5,96.1,5.233333333333334,42.03333333333333,135.36666666666667,131.06666666666666,Worcestershire Sauce
Trial 1,2.5,98.1,5.233333333333334,42.03333333333333,137.36666666666667,131.06666666666666,Worcestershire Sauce
Trial 1,2.5,98.1,5.233333333333334,44.03333333333333,143.36666666666667,137.06666666666666,Worcestershire Sauce
Trial 1,2.5,101.1,5.233333333333334,43.03333333333333,144.36666666666667,137.06666666666666,Worcestershire Sauce
Trial 1,1.5,103.1,5.233333333333334,45.03333333333333,144.36666666666667,138.06666666666666,Worcestershire Sauce
Trial 1,2.5,103.1,6.233333333333334,44.03333333333333,139.36666666666667,133.06666666666666,Worcestershire Sauce
Trial 1,2.5,104.1,5.233333333333334,46.03333333333333,143.36666666666667,137.06666666666666,Worcestershire Sauce
Trial 1,2.5,105.1,5.233333333333334,46.03333333333333,145.36666666666667,137.06666666666666,Worcestershire Sauce
Trial 1,1.5,107.1,6.233333333333334,48.03333333333333,150.36666666666667,141.06666666666666,Worcestershire Sauce
Trial 1,1.5,109.1,5.233333333333334,47.03333333333333,150.36666666666667,143.06666666666666,Worcestershire Sauce
Trial 1,2.5,110.1,6.233333333333334,48.03333333333333,148.36666666666667,141.06666666666666,Worcestershire Sauce
Trial 1,1.5,111.1,6.233333333333334,48.03333333333333,150.36666666666667,141.06666666666666,Worcestershire Sauce
Trial 1,2.5,112.1,6.233333333333334,49.03333333333333,151.36666666666667,139.06666666666666,Worcestershire Sauce
Trial 1,2.5,114.1,6.233333333333334,49.03333333333333,152.36666666666667,142.06666666666666,Worcestershire Sauce
Trial 1,1.5,115.1,6.233333333333334,48.03333333333333,155.36666666666667,145.06666666666666,Worcestershire Sauce
Trial 1,4.5,118.1,6.233333333333334,50.03333333333333,155.36666666666667,146.06666666666666,Worcestershire Sauce
Trial 1,2.5,118.1,7.233333333333334,50.03333333333333,156.36666666666667,145.06666666666666,Worcestershire Sauce
Trial 1,2.5,119.1,5.233333333333334,50.03333333333333,156.36666666666667,146.06666666666666,Worcestershire Sauce
Trial 1,3.5,122.1,7.233333333333334,52.03333333333333,159.36666666666667,147.06666666666666,Worcestershire Sauce
Trial 1,3.5,121.1,6.233333333333334,53.03333333333333,159.36666666666667,149.06666666666666,Worcestershire Sauce
Trial 1,1.5,122.1,6.233333333333334,53.03333333333333,162.36666666666667,152.06666666666666,Worcestershire Sauce
Trial 1,2.5,124.1,6.233333333333334,53.03333333333333,161.36666666666667,150.06666666666666,Worcestershire Sauce
Trial 1,3.5,126.1,6.233333333333334,53.03333333333333,163.36666666666667,152.06666666666666,Worcestershire Sauce
Trial 1,3.5,127.1,7.233333333333334,54.03333333333333,163.36666666666667,153.06666666666666,Worcestershire Sauce
Trial 1,2.5,127.1,7.233333333333334,54.03333333333333,163.36666666666667,152.06666666666666,Worcestershire Sauce
Trial 1,2.5,129.1,7.233333333333334,55.03333333333333,166.36666666666667,155.06666666666666,Worcestershire Sauce
Trial 1,2.5,130.1,6.233333333333334,55.03333333333333,165.36666666666667,153.06666666666666,Worcestershire Sauce
Trial 1,2.5,130.1,6.233333333333334,56.03333333333333,165.36666666666667,152.06666666666666,Worcestershire Sauce
Trial 1,4.5,132.1,7.233333333333334,56.03333333333333,166.36666666666667,154.06666666666666,Worcestershire Sauce
Trial 1,2.5,133.1,7.233333333333334,57.03333333333333,169.36666666666667,155.06666666666666,Worcestershire Sauce
Trial 1,3.5,135.1,7.233333333333334,57.03333333333333,169.36666666666667,158.06666666666666,Worcestershire Sauce
Trial 1,3.5,136.1,7.233333333333334,58.03333333333333,170.36666666666667,161.06666666666666,Worcestershire Sauce
Trial 1,2.5,137.1,6.233333333333334,58.03333333333333,171.36666666666667,158.06666666666666,Worcestershire Sauce
Trial 1,3.5,138.1,8.233333333333334,58.03333333333333,171.36666666666667,158.06666666666666,Worcestershire Sauce
Trial 1,3.5,139.1,6.233333333333334,59.03333333333333,175.36666666666667,159.06666666666666,Worcestershire Sauce
Trial 1,2.5,140.1,7.233333333333334,59.03333333333333,173.36666666666667,159.06666666666666,Worcestershire Sauce
Trial 1,2.5,141.1,8.233333333333334,60.03333333333333,173.36666666666667,159.06666666666666,Worcestershire Sauce
Trial 1,3.5,142.1,7.233333333333334,59.03333333333333,174.36666666666667,159.06666666666666,Worcestershire Sauce
Trial 1,2.5,144.1,8.233333333333334,59.03333333333333,174.36666666666667,159.06666666666666,Worcestershire Sauce
Trial 1,2.5,145.1,8.233333333333334,61.03333333333333,176.36666666666667,163.06666666666666,Worcestershire Sauce
Trial 1,2.5,147.1,8.233333333333334,61.03333333333333,176.36666666666667,162.06666666666666,Worcestershire Sauce
Trial 1,2.5,146.1,8.233333333333334,61.03333333333333,176.36666666666667,163.06666666666666,Worcestershire Sauce
Trial 1,3.5,147.1,8.233333333333334,62.03333333333333,177.36666666666667,163.06666666666666,Worcestershire Sauce
Trial 1,2.5,149.1,8.233333333333334,63.03333333333333,179.36666666666667,166.06666666666666,Worcestershire Sauce
Trial 1,3.5,150.1,8.233333333333334,62.03333333333333,179.36666666666667,164.06666666666666,Worcestershire Sauce
Trial 1,3.5,151.1,8.233333333333334,63.03333333333333,179.36666666666667,166.06666666666666,Worcestershire Sauce
Trial 1,3.5,152.1,8.233333333333334,64.03333333333333,182.36666666666667,168.06666666666666,Worcestershire Sauce
Trial 1,3.5,154.1,8.233333333333334,63.03333333333333,184.36666666666667,172.06666666666666,Worcestershire Sauce
Trial 1,2.5,153.1,8.233333333333334,63.03333333333333,185.36666666666667,172.06666666666666,Worcestershire Sauce
Trial 1,3.5,154.1,8.233333333333334,64.03333333333333,181.36666666666667,167.06666666666666,Worcestershire Sauce
Trial 1,3.5,157.1,8.233333333333334,65.03333333333333,184.36666666666667,170.06666666666666,Worcestershire Sauce
Trial 1,3.5,157.1,10.233333333333334,66.03333333333333,185.36666666666667,170.06666666666666,Worcestershire Sauce
Trial 1,3.5,158.1,8.233333333333334,66.03333333333333,183.36666666666667,168.06666666666666,Worcestershire Sauce
Trial 1,3.5,159.1,9.233333333333334,66.03333333333333,184.36666666666667,170.06666666666666,Worcestershire Sauce
Trial 1,4.5,160.1,8.233333333333334,66.03333333333333,185.36666666666667,170.06666666666666,Worcestershire Sauce
Trial 1,3.5,160.1,10.233333333333334,66.03333333333333,185.36666666666667,169.06666666666666,Worcestershire Sauce
Trial 1,3.5,161.1,9.233333333333334,67.03333333333333,186.36666666666667,171.06666666666666,Worcestershire Sauce
Trial 1,3.5,163.1,9.233333333333334,67.03333333333333,188.36666666666667,172.06666666666666,Worcestershire Sauce
Trial 1,2.5,163.1,9.233333333333334,67.03333333333333,187.36666666666667,171.06666666666666,Worcestershire Sauce
Trial 1,3.5,164.1,9.233333333333334,68.03333333333333,187.36666666666667,172.06666666666666,Worcestershire Sauce
Trial 1,3.5,166.1,9.233333333333334,68.03333333333333,187.36666666666667,171.06666666666666,Worcestershire Sauce
Trial 1,3.5,166.1,9.233333333333334,68.03333333333333,189.36666666666667,174.06666666666666,Worcestershire Sauce
Trial 1,3.5,166.1,10.233333333333334,69.03333333333333,188.36666666666667,174.06666666666666,Worcestershire Sauce
Trial 1,3.5,168.1,9.233333333333334,69.03333333333333,189.36666666666667,174.06666666666666,Worcestershire Sauce
Trial 1,3.5,169.1,9.233333333333334,70.03333333333333,194.36666666666667,179.06666666666666,Worcestershire Sauce
Trial 1,3.5,170.1,9.233333333333334,70.03333333333333,190.36666666666667,175.06666666666666,Worcestershire Sauce
Trial 1,4.5,172.1,10.233333333333334,70.03333333333333,192.36666666666667,178.06666666666666,Worcestershire Sauce
Trial 1,3.5,171.1,10.233333333333334,70.03333333333333,192.36666666666667,176.06666666666666,Worcestershire Sauce
Trial 1,4.5,172.1,10.233333333333334,70.03333333333333,193.36666666666667,176.06666666666666,Worcestershire Sauce
Trial 1,4.5,174.1,9.233333333333334,72.03333333333333,194.36666666666667,178.06666666666666,Worcestershire Sauce
Trial 1,3.5,175.1,10.233333333333334,71.03333333333333,192.36666666666667,176.06666666666666,Worcestershire Sauce
Trial 1,4.5,176.1,10.233333333333334,72.03333333333333,195.36666666666667,178.06666666666666,Worcestershire Sauce
Trial 1,4.5,176.1,10.233333333333334,72.03333333333333,195.36666666666667,180.06666666666666,Worcestershire Sauce
Trial 1,4.5,179.1,12.233333333333334,73.03333333333333,196.36666666666667,181.06666666666666,Worcestershire Sauce
Trial 1,5.5,178.1,11.233333333333334,72.03333333333333,195.36666666666667,178.06666666666666,Worcestershire Sauce
Trial 1,3.5,179.1,11.233333333333334,73.03333333333333,195.36666666666667,181.06666666666666,Worcestershire Sauce
Trial 1,3.5,180.1,11.233333333333334,72.03333333333333,193.36666666666667,179.06666666666666,Worcestershire Sauce
Trial 1,4.5,180.1,10.233333333333334,73.03333333333333,195.36666666666667,179.06666666666666,Worcestershire Sauce
Trial 1,3.5,181.1,11.233333333333334,75.03333333333333,199.36666666666667,184.06666666666666,Worcestershire Sauce
Trial 1,5.5,182.1,11.233333333333334,74.03333333333333,196.36666666666667,180.06666666666666,Worcestershire Sauce
Trial 1,4.5,182.1,11.233333333333334,74.03333333333333,197.36666666666667,183.06666666666666,Worcestershire Sauce
Trial 1,4.5,183.1,9.233333333333334,74.03333333333333,198.36666666666667,182.06666666666666,Worcestershire Sauce
Trial 1,3.5,185.1,11.233333333333334,75.03333333333333,197.36666666666667,182.06666666666666,Worcestershire Sauce
Trial 1,4.5,186.1,12.233333333333334,75.03333333333333,199.36666666666667,183.06666666666666,Worcestershire Sauce
Trial 1,4.5,186.1,11.233333333333334,76.03333333333333,199.36666666666667,184.06666666666666,Worcestershire Sauce
Trial 1,4.5,187.1,11.233333333333334,76.03333333333333,200.36666666666667,187.06666666666666,Worcestershire Sauce
Trial 1,4.5,188.1,11.233333333333334,75.03333333333333,201.36666666666667,188.06666666666666,Worcestershire Sauce
Trial 1,4.5,187.1,12.233333333333334,76.03333333333333,200.36666666666667,187.06666666666666,Worcestershire Sauce
Trial 1,5.5,188.1,12.233333333333334,76.03333333333333,201.36666666666667,186.06666666666666,Worcestershire Sauce
Trial 1,5.5,189.1,12.233333333333334,76.03333333333333,201.36666666666667,185.06666666666666,Worcestershire Sauce
Trial 1,4.5,191.1,12.233333333333334,76.03333333333333,199.36666666666667,182.06666666666666,Worcestershire Sauce
Trial 1,4.5,192.1,12.233333333333334,78.03333333333333,202.36666666666667,185.06666666666666,Worcestershire Sauce
Trial 1,4.5,191.1,13.233333333333334,77.03333333333333,201.36666666666667,186.06666666666666,Worcestershire Sauce
Trial 1,4.5,193.1,12.233333333333334,79.03333333333333,205.36666666666667,189.06666666666666,Worcestershire Sauce
Trial 1,4.5,192.1,12.233333333333334,78.03333333333333,201.36666666666667,188.06666666666666,Worcestershire Sauce
Trial 1,4.5,194.1,12.233333333333334,79.03333333333333,203.36666666666667,187.06666666666666,Worcestershire Sauce
Trial 1,5.5,194.1,12.233333333333334,78.03333333333333,202.36666666666667,186.06666666666666,Worcestershire Sauce
Trial 1,4.5,194.1,13.233333333333334,78.03333333333333,201.36666666666667,184.06666666666666,Worcestershire Sauce
Trial 1,5.5,197.1,13.233333333333334,79.03333333333333,202.36666666666667,187.06666666666666,Worcestershire Sauce
Trial 1,5.5,196.1,13.233333333333334,79.03333333333333,203.36666666666667,187.06666666666666,Worcestershire Sauce
Trial 1,4.5,197.1,13.233333333333334,79.03333333333333,205.36666666666667,190.06666666666666,Worcestershire Sauce
Trial 1,4.5,197.1,13.233333333333334,80.03333333333333,203.36666666666667,188.06666666666666,Worcestershire Sauce
Trial 1,5.5,198.1,13.233333333333334,79.03333333333333,204.36666666666667,187.06666666666666,Worcestershire Sauce
Trial 1,5.5,199.1,13.233333333333334,80.03333333333333,203.36666666666667,188.06666666666666,Worcestershire Sauce
Trial 1,5.5,200.1,13.233333333333334,81.03333333333333,202.36666666666667,186.06666666666666,Worcestershire Sauce
Trial 1,4.5,201.1,13.233333333333334,81.03333333333333,207.36666666666667,194.06666666666666,Worcestershire Sauce
Trial 1,5.5,201.1,13.233333333333334,82.03333333333333,207.36666666666667,192.06666666666666,Worcestershire Sauce
Trial 1,5.5,201.1,13.233333333333334,81.03333333333333,206.36666666666667,192.06666666666666,Worcestershire Sauce
Trial 1,7.5,203.1,14.233333333333334,82.03333333333333,205.36666666666667,191.06666666666666,Worcestershire Sauce
Trial 1,5.5,204.1,14.233333333333334,82.03333333333333,207.36666666666667,191.06666666666666,Worcestershire Sauce
Trial 1,6.5,206.1,14.233333333333334,82.03333333333333,206.36666666666667,192.06666666666666,Worcestershire Sauce
Trial 1,6.5,205.1,14.233333333333334,82.03333333333333,208.36666666666667,190.06666666666666,Worcestershire Sauce
Trial 1,5.5,204.1,14.233333333333334,82.03333333333333,206.36666666666667,191.06666666666666,Worcestershire Sauce
Trial 1,5.5,204.1,13.233333333333334,82.03333333333333,206.36666666666667,190.06666666666666,Worcestershire Sauce
Trial 1,5.5,206.1,14.233333333333334,83.03333333333333,210.36666666666667,196.06666666666666,Worcestershire Sauce
Trial 1,5.5,207.1,14.233333333333334,84.03333333333333,207.36666666666667,194.06666666666666,Worcestershire Sauce
Trial 1,5.5,208.1,14.233333333333334,84.03333333333333,209.36666666666667,194.06666666666666,Worcestershire Sauce
Trial 1,5.5,207.1,14.233333333333334,84.03333333333333,207.36666666666667,193.06666666666666,Worcestershire Sauce
Trial 1,5.5,208.1,14.233333333333334,84.03333333333333,206.36666666666667,191.06666666666666,Worcestershire Sauce
Trial 1,6.5,208.1,15.233333333333334,84.03333333333333,207.36666666666667,193.06666666666666,Worcestershire Sauce
Trial 1,6.5,210.1,14.233333333333334,85.03333333333333,212.36666666666667,195.06666666666666,Worcestershire Sauce
Trial 1,5.5,210.1,14.233333333333334,84.03333333333333,208.36666666666667,193.06666666666666,Worcestershire Sauce
Trial 1,6.5,212.1,14.233333333333334,85.03333333333333,210.36666666666667,196.06666666666666,Worcestershire Sauce
Trial 1,6.5,212.1,15.233333333333334,85.03333333333333,212.36666666666667,197.06666666666666,Worcestershire Sauce
Trial 1,6.5,215.1,15.233333333333334,86.03333333333333,211.36666666666667,195.06666666666666,Worcestershire Sauce
Trial 1,5.5,213.1,16.233333333333334,86.03333333333333,211.36666666666667,196.06666666666666,Worcestershire Sauce
Trial 1,5.5,212.1,15.233333333333334,86.03333333333333,209.36666666666667,194.06666666666666,Worcestershire Sauce
Trial 1,5.5,215.1,16.233333333333334,86.03333333333333,215.36666666666667,199.06666666666666,Worcestershire Sauce
Trial 1,6.5,215.1,17.233333333333334,88.03333333333333,213.36666666666667,199.06666666666666,Worcestershire Sauce
Trial 1,5.5,215.1,16.233333333333334,87.03333333333333,212.36666666666667,197.06666666666666,Worcestershire Sauce
Trial 1,5.5,214.1,15.233333333333334,87.03333333333333,210.36666666666667,196.06666666666666,Worcestershire Sauce
Trial 1,5.5,215.1,15.233333333333334,87.03333333333333,210.36666666666667,196.06666666666666,Worcestershire Sauce
Trial 1,6.5,216.1,15.233333333333334,86.03333333333333,210.36666666666667,196.06666666666666,Worcestershire Sauce
Trial 1,5.5,218.1,16.233333333333334,87.03333333333333,213.36666666666667,199.06666666666666,Worcestershire Sauce
Trial 1,6.5,216.1,16.233333333333334,88.03333333333333,211.36666666666667,197.06666666666666,Worcestershire Sauce
Trial 1,6.5,217.1,15.233333333333334,88.03333333333333,211.36666666666667,196.06666666666666,Worcestershire Sauce
Trial 1,5.5,218.1,16.233333333333334,88.03333333333333,211.36666666666667,198.06666666666666,Worcestershire Sauce
Trial 1,5.5,219.1,16.233333333333334,88.03333333333333,211.36666666666667,197.06666666666666,Worcestershire Sauce
Trial 1,6.5,220.1,16.233333333333334,89.03333333333333,213.36666666666667,200.06666666666666,Worcestershire Sauce
Trial 1,5.5,219.1,16.233333333333334,88.03333333333333,212.36666666666667,198.06666666666666,Worcestershire Sauce
Trial 1,5.5,220.1,16.233333333333334,89.03333333333333,212.36666666666667,198.06666666666666,Worcestershire Sauce
Trial 1,6.5,223.1,16.233333333333334,90.03333333333333,214.36666666666667,200.06666666666666,Worcestershire Sauce
Trial 1,6.5,221.1,16.233333333333334,90.03333333333333,212.36666666666667,198.06666666666666,Worcestershire Sauce
Trial 1,6.5,223.1,17.233333333333334,90.03333333333333,217.36666666666667,205.06666666666666,Worcestershire Sauce
Trial 1,8.5,222.1,17.233333333333334,90.03333333333333,214.36666666666667,199.06666666666666,Worcestershire Sauce
Trial 1,6.5,223.1,16.233333333333334,90.03333333333333,214.36666666666667,200.06666666666666,Worcestershire Sauce
Trial 1,6.5,224.1,17.233333333333334,91.03333333333333,215.36666666666667,201.06666666666666,Worcestershire Sauce
Trial 1,6.5,225.1,17.233333333333334,90.03333333333333,213.36666666666667,199.06666666666666,Worcestershire Sauce
Trial 1,6.5,224.1,17.233333333333334,90.03333333333333,214.36666666666667,201.06666666666666,Worcestershire Sauce
Trial 1,6.5,225.1,17.233333333333334,90.03333333333333,213.36666666666667,199.06666666666666,Worcestershire Sauce
Trial 1,7.5,225.1,17.233333333333334,91.03333333333333,213.36666666666667,201.06666666666666,Worcestershire Sauce
Trial 1,6.5,226.1,17.233333333333334,91.03333333333333,213.36666666666667,200.06666666666666,Worcestershire Sauce
Trial 1,7.5,226.1,17.233333333333334,91.03333333333333,213.36666666666667,198.06666666666666,Worcestershire Sauce
Trial 1,6.5,226.1,18.233333333333334,91.03333333333333,213.36666666666667,200.06666666666666,Worcestershire Sauce
Trial 1,6.5,226.1,17.233333333333334,92.03333333333333,215.36666666666667,200.06666666666666,Worcestershire Sauce
Trial 1,7.5,227.1,17.233333333333334,91.03333333333333,214.36666666666667,200.06666666666666,Worcestershire Sauce
Trial 1,6.5,228.1,18.233333333333334,93.03333333333333,217.36666666666667,203.06666666666666,Worcestershire Sauce
Trial 1,6.5,228.1,18.233333333333334,92.03333333333333,214.36666666666667,201.06666666666666,Worcestershire Sauce
Trial 1,7.5,229.1,18.233333333333334,93.03333333333333,215.36666666666667,201.06666666666666,Worcestershire Sauce
Trial 1,7.5,230.1,18.233333333333334,93.03333333333333,215.36666666666667,202.06666666666666,Worcestershire Sauce
Trial 1,6.5,230.1,18.233333333333334,93.03333333333333,215.36666666666667,202.06666666666666,Worcestershire Sauce
Trial 1,6.5,228.1,17.233333333333334,92.03333333333333,215.36666666666667,201.06666666666666,Worcestershire Sauce
Trial 1,6.5,230.1,18.233333333333334,93.03333333333333,215.36666666666667,203.06666666666666,Worcestershire Sauce
Trial 1,7.5,231.1,17.233333333333334,94.03333333333333,215.36666666666667,202.06666666666666,Worcestershire Sauce
Trial 1,7.5,232.1,18.233333333333334,94.03333333333333,220.36666666666667,208.06666666666666,Worcestershire Sauce
Trial 1,6.5,234.1,19.233333333333334,94.03333333333333,217.36666666666667,207.06666666666666,Worcestershire Sauce
Trial 1,7.5,233.1,19.233333333333334,94.03333333333333,217.36666666666667,205.06666666666666,Worcestershire Sauce
Trial 1,7.5,233.1,17.233333333333334,94.03333333333333,217.36666666666667,203.06666666666666,Worcestershire Sauce
Trial 1,7.5,232.1,17.233333333333334,95.03333333333333,218.36666666666667,204.06666666666666,Worcestershire Sauce
Trial 1,7.5,234.1,19.233333333333334,95.03333333333333,218.36666666666667,205.06666666666666,Worcestershire Sauce
Trial 1,8.5,235.1,19.233333333333334,94.03333333333333,215.36666666666667,202.06666666666666,Worcestershire Sauce
Trial 1,7.5,237.1,18.233333333333334,95.03333333333333,219.36666666666667,208.06666666666666,Worcestershire Sauce
Trial 1,7.5,235.1,19.233333333333334,95.03333333333333,216.36666666666667,204.06666666666666,Worcestershire Sauce
Trial 1,7.5,235.1,19.233333333333334,95.03333333333333,216.36666666666667,204.06666666666666,Worcestershire Sauce
Trial 1,7.5,235.1,19.233333333333334,96.03333333333333,217.36666666666667,205.06666666666666,Worcestershire Sauce
Trial 1,6.5,237.1,19.233333333333334,96.03333333333333,219.36666666666667,207.06666666666666,Worcestershire Sauce
Trial 1,7.5,236.1,20.233333333333334,96.03333333333333,217.36666666666667,206.06666666666666,Worcestershire Sauce
Trial 1,7.5,236.1,19.233333333333334,96.03333333333333,218.36666666666667,205.06666666666666,Worcestershire Sauce
Trial 1,7.5,237.1,20.233333333333334,96.03333333333333,217.36666666666667,204.06666666666666,Worcestershire Sauce
Trial 1,7.5,238.1,20.233333333333334,97.03333333333333,217.36666666666667,206.06666666666666,Worcestershire Sauce
Trial 1,6.5,240.1,19.233333333333334,96.03333333333333,219.36666666666667,207.06666666666666,Worcestershire Sauce
Trial 1,7.5,238.1,20.233333333333334,97.03333333333333,218.36666666666667,206.06666666666666,Worcestershire Sauce
Trial 1,7.5,238.1,19.233333333333334,97.03333333333333,221.36666666666667,207.06666666666666,Worcestershire Sauce
Trial 1,7.5,239.1,20.233333333333334,97.03333333333333,217.36666666666667,206.06666666666666,Worcestershire Sauce
Trial 1,8.5,239.1,19.233333333333334,97.03333333333333,217.36666666666667,204.06666666666666,Worcestershire Sauce
Trial 1,7.5,240.1,20.233333333333334,97.03333333333333,217.36666666666667,205.06666666666666,Worcestershire Sauce
Trial 1,7.5,240.1,20.233333333333334,96.03333333333333,220.36666666666667,210.06666666666666,Worcestershire Sauce
Trial 1,7.5,241.1,20.233333333333334,98.03333333333333,218.36666666666667,206.06666666666666,Worcestershire Sauce
Trial 1,8.5,242.1,20.233333333333334,98.03333333333333,219.36666666666667,206.06666666666666,Worcestershire Sauce
Trial 1,7.5,240.1,20.233333333333334,98.03333333333333,219.36666666666667,208.06666666666666,Worcestershire Sauce
Trial 1,7.5,243.1,20.233333333333334,98.03333333333333,219.36666666666667,208.06666666666666,Worcestershire Sauce
Trial 1,7.5,242.1,20.233333333333334,98.03333333333333,219.36666666666667,206.06666666666666,Worcestershire Sauce
Trial 1,8.5,244.1,20.233333333333334,98.03333333333333,221.36666666666667,210.06666666666666,Worcestershire Sauce
Trial 1,7.5,244.1,21.233333333333334,99.03333333333333,220.36666666666667,207.06666666666666,Worcestershire Sauce
Trial 1,7.5,246.1,21.233333333333334,99.03333333333333,222.36666666666667,212.06666666666666,Worcestershire Sauce
Trial 1,7.5,244.1,20.233333333333334,99.03333333333333,219.36666666666667,206.06666666666666,Worcestershire Sauce
Trial 1,8.5,244.1,21.233333333333334,99.03333333333333,219.36666666666667,207.06666666666666,Worcestershire Sauce
Trial 1,7.5,247.1,21.233333333333334,100.03333333333333,221.36666666666667,210.06666666666666,Worcestershire Sauce
Trial 1,8.5,244.1,21.233333333333334,99.03333333333333,219.36666666666667,208.06666666666666,Worcestershire Sauce
Trial 1,6.5,245.1,21.233333333333334,100.03333333333333,220.36666666666667,207.06666666666666,Worcestershire Sauce
Trial 1,8.5,245.1,21.233333333333334,100.03333333333333,220.36666666666667,207.06666666666666,Worcestershire Sauce
Trial 1,7.5,247.1,22.233333333333334,101.03333333333333,220.36666666666667,208.06666666666666,Worcestershire Sauce
Trial 1,8.5,246.1,21.233333333333334,100.03333333333333,220.36666666666667,207.06666666666666,Worcestershire Sauce
Trial 1,8.5,246.1,22.233333333333334,100.03333333333333,220.36666666666667,212.06666666666666,Worcestershire Sauce
Trial 1,8.5,248.1,22.233333333333334,100.03333333333333,220.36666666666667,208.06666666666666,Worcestershire Sauce
Trial 1,8.5,249.1,23.233333333333334,100.03333333333333,222.36666666666667,211.06666666666666,Worcestershire Sauce
Trial 1,8.5,248.1,21.233333333333334,100.03333333333333,220.36666666666667,208.06666666666666,Worcestershire Sauce
Trial 1,8.5,249.1,22.233333333333334,101.03333333333333,221.36666666666667,209.06666666666666,Worcestershire Sauce
Trial 1,8.5,249.1,22.233333333333334,101.03333333333333,221.36666666666667,209.06666666666666,Worcestershire Sauce
Trial 1,8.5,250.1,22.233333333333334,101.03333333333333,220.36666666666667,208.06666666666666,Worcestershire Sauce
Trial 1,8.5,249.1,21.233333333333334,103.03333333333333,220.36666666666667,210.06666666666666,Worcestershire Sauce
Trial 1,9.5,250.1,22.233333333333334,101.03333333333333,221.36666666666667,207.06666666666666,Worcestershire Sauce
Trial 1,8.5,250.1,22.233333333333334,102.03333333333333,224.36666666666667,210.06666666666666,Worcestershire Sauce
Trial 1,9.5,251.1,23.233333333333334,102.03333333333333,222.36666666666667,211.06666666666666,Worcestershire Sauce
Trial 1,8.5,252.1,21.233333333333334,102.03333333333333,223.36666666666667,210.06666666666666,Worcestershire Sauce
Trial 1,8.5,251.1,22.233333333333334,102.03333333333333,222.36666666666667,210.06666666666666,Worcestershire Sauce
Trial 1,9.5,253.1,22.233333333333334,103.03333333333333,223.36666666666667,210.06666666666666,Worcestershire Sauce
Trial 1,9.5,252.1,23.233333333333334,102.03333333333333,220.36666666666667,208.06666666666666,Worcestershire Sauce
Trial 1,9.5,252.1,23.233333333333334,102.03333333333333,221.36666666666667,208.06666666666666,Worcestershire Sauce
Trial 1,9.5,253.1,22.233333333333334,102.03333333333333,222.36666666666667,210.06666666666666,Worcestershire Sauce
Trial 1,7.5,255.1,23.233333333333334,105.03333333333333,225.36666666666667,213.06666666666666,Worcestershire Sauce
Trial 1,8.5,253.1,23.233333333333334,105.03333333333333,225.36666666666667,213.06666666666666,Worcestershire Sauce
Trial 1,9.5,254.1,22.233333333333334,103.03333333333333,223.36666666666667,210.06666666666666,Worcestershire Sauce
Trial 1,9.5,254.1,23.233333333333334,104.03333333333333,224.36666666666667,210.06666666666666,Worcestershire Sauce
Trial 1,9.5,255.1,23.233333333333334,103.03333333333333,222.36666666666667,210.06666666666666,Worcestershire Sauce
Trial 1,9.5,256.1,23.233333333333334,105.03333333333333,224.36666666666667,214.06666666666666,Worcestershire Sauce
Trial 1,8.5,258.1,22.233333333333334,106.03333333333333,224.36666666666667,212.06666666666666,Worcestershire Sauce
Trial 1,9.5,256.1,23.233333333333334,104.03333333333333,223.36666666666667,210.06666666666666,Worcestershire Sauce
Trial 1,9.5,257.1,23.233333333333334,105.03333333333333,228.36666666666667,216.06666666666666,Worcestershire Sauce
Trial 1,9.5,258.1,23.233333333333334,104.03333333333333,225.36666666666667,212.06666666666666,Worcestershire Sauce
Trial 1,9.5,256.1,23.233333333333334,104.03333333333333,222.36666666666667,209.06666666666666,Worcestershire Sauce
Trial 1,8.5,257.1,24.233333333333334,104.03333333333333,222.36666666666667,209.06666666666666,Worcestershire Sauce
Trial 1,10.5,257.1,23.233333333333334,105.03333333333333,223.36666666666667,211.06666666666666,Worcestershire Sauce
Trial 1,9.5,257.1,23.233333333333334,105.03333333333333,223.36666666666667,210.06666666666666,Worcestershire Sauce
Trial 1,9.5,257.1,24.233333333333334,105.03333333333333,224.36666666666667,212.06666666666666,Worcestershire Sauce
Trial 1,9.5,258.1,24.233333333333334,105.03333333333333,224.36666666666667,213.06666666666666,Worcestershire Sauce
Trial 1,9.5,259.1,23.233333333333334,106.03333333333333,225.36666666666667,212.06666666666666,Worcestershire Sauce
Trial 1,9.5,259.1,24.233333333333334,106.03333333333333,224.36666666666667,213.06666666666666,Worcestershire Sauce
Trial 1,9.5,259.1,24.233333333333334,105.03333333333333,222.36666666666667,210.06666666666666,Worcestershire Sauce
Trial 1,10.5,259.1,24.233333333333334,106.03333333333333,224.36666666666667,211.06666666666666,Worcestershire Sauce
Trial 1,9.5,260.1,24.233333333333334,107.03333333333333,227.36666666666667,213.06666666666666,Worcestershire Sauce
Trial 1,10.5,262.1,24.233333333333334,107.03333333333333,228.36666666666667,217.06666666666666,Worcestershire Sauce
Trial 1,10.5,264.1,25.233333333333334,108.03333333333333,227.36666666666667,215.06666666666666,Worcestershire Sauce
Trial 1,10.5,260.1,25.233333333333334,107.03333333333333,228.36666666666667,216.06666666666666,Worcestershire Sauce
Trial 1,10.5,261.1,24.233333333333334,106.03333333333333,225.36666666666667,211.06666666666666,Worcestershire Sauce
Trial 1,9.5,262.1,23.233333333333334,108.03333333333333,224.36666666666667,210.06666666666666,Worcestershire Sauce
Trial 1,9.5,263.1,24.233333333333334,108.03333333333333,229.36666666666667,218.06666666666666,Worcestershire Sauce
Trial 1,9.5,261.1,23.233333333333334,107.03333333333333,224.36666666666667,213.06666666666666,Worcestershire Sauce
Trial 1,9.5,262.1,25.233333333333334,108.03333333333333,225.36666666666667,214.06666666666666,Worcestershire Sauce
Trial 1,9.5,262.1,24.233333333333334,107.03333333333333,225.36666666666667,212.06666666666666,Worcestershire Sauce
Trial 1,9.5,264.1,24.233333333333334,108.03333333333333,225.36666666666667,212.06666666666666,Worcestershire Sauce
Trial 1,9.5,262.1,24.233333333333334,108.03333333333333,225.36666666666667,213.06666666666666,Worcestershire Sauce
Trial 1,11.5,265.1,25.233333333333334,108.03333333333333,226.36666666666667,212.06666666666666,Worcestershire Sauce
Trial 1,10.5,266.1,24.233333333333334,110.03333333333333,232.36666666666667,219.06666666666666,Worcestershire Sauce
Trial 1,9.5,264.1,25.233333333333334,108.03333333333333,228.36666666666667,215.06666666666666,Worcestershire Sauce
Trial 1,12.5,266.1,25.233333333333334,109.03333333333333,228.36666666666667,216.06666666666666,Worcestershire Sauce
Trial 1,10.5,266.1,25.233333333333334,109.03333333333333,228.36666666666667,216.06666666666666,Worcestershire Sauce
Trial 1,9.5,267.1,26.233333333333334,109.03333333333333,228.36666666666667,216.06666666666666,Worcestershire Sauce
Trial 1,9.5,265.1,25.233333333333334,109.03333333333333,227.36666666666667,215.06666666666666,Worcestershire Sauce
Trial 1,9.5,266.1,25.233333333333334,108.03333333333333,227.36666666666667,213.06666666666666,Worcestershire Sauce
Trial 1,10.5,266.1,26.233333333333334,109.03333333333333,227.36666666666667,214.06666666666666,Worcestershire Sauce
Trial 1,9.5,266.1,25.233333333333334,109.03333333333333,227.36666666666667,214.06666666666666,Worcestershire Sauce
Trial 1,9.5,268.1,26.233333333333334,110.03333333333333,229.36666666666667,218.06666666666666,Worcestershire Sauce
Trial 1,9.5,269.1,25.233333333333334,109.03333333333333,228.36666666666667,215.06666666666666,Worcestershire Sauce
Trial 1,10.5,267.1,26.233333333333334,110.03333333333333,227.36666666666667,215.06666666666666,Worcestershire Sauce
Trial 1,10.5,270.1,26.233333333333334,110.03333333333333,229.36666666666667,217.06666666666666,Worcestershire Sauce
Trial 1,10.5,268.1,25.233333333333334,110.03333333333333,228.36666666666667,214.06666666666666,Worcestershire Sauce
Trial 1,10.5,271.1,26.233333333333334,111.03333333333333,229.36666666666667,220.06666666666666,Worcestershire Sauce
Trial 1,10.5,269.1,25.233333333333334,110.03333333333333,228.36666666666667,215.06666666666666,Worcestershire Sauce
Trial 1,10.5,270.1,26.233333333333334,111.03333333333333,229.36666666666667,216.06666666666666,Worcestershire Sauce
Trial 1,9.5,268.1,26.233333333333334,110.03333333333333,228.36666666666667,215.06666666666666,Worcestershire Sauce
Trial 1,10.5,269.1,26.233333333333334,111.03333333333333,227.36666666666667,215.06666666666666,Worcestershire Sauce
Trial 1,10.5,269.1,25.233333333333334,110.03333333333333,227.36666666666667,215.06666666666666,Worcestershire Sauce
Trial 1,10.5,270.1,26.233333333333334,112.03333333333333,231.36666666666667,218.06666666666666,Worcestershire Sauce
Trial 1,11.5,271.1,26.233333333333334,111.03333333333333,232.36666666666667,220.06666666666666,Worcestershire Sauce
Trial 1,10.5,270.1,26.233333333333334,111.03333333333333,228.36666666666667,216.06666666666666,Worcestershire Sauce
Trial 1,9.5,270.1,26.233333333333334,111.03333333333333,229.36666666666667,216.06666666666666,Worcestershire Sauce
Trial 1,10.5,271.1,27.233333333333334,112.03333333333333,229.36666666666667,217.06666666666666,Worcestershire Sauce
Trial 1,10.5,272.1,28.233333333333334,112.03333333333333,230.36666666666667,217.06666666666666,Worcestershire Sauce
Trial 1,11.5,273.1,27.233333333333334,111.03333333333333,230.36666666666667,218.06666666666666,Worcestershire Sauce
Trial 1,11.5,271.1,27.233333333333334,112.03333333333333,228.36666666666667,215.06666666666666,Worcestershire Sauce
Trial 1,9.5,271.1,26.233333333333334,112.03333333333333,228.36666666666667,215.06666666666666,Worcestershire Sauce
Trial 1,11.5,273.1,27.233333333333334,112.03333333333333,229.36666666666667,216.06666666666666,Worcestershire Sauce
Trial 1,10.5,273.1,26.233333333333334,113.03333333333333,231.36666666666667,219.06666666666666,Worcestershire Sauce
Trial 1,10.5,274.1,27.233333333333334,113.03333333333333,231.36666666666667,220.06666666666666,Worcestershire Sauce
Trial 1,11.5,272.1,26.233333333333334,112.03333333333333,229.36666666666667,215.06666666666666,Worcestershire Sauce
Trial 1,10.5,272.1,27.233333333333334,112.03333333333333,230.36666666666667,216.06666666666666,Worcestershire Sauce
Trial 1,11.5,273.1,27.233333333333334,112.03333333333333,229.36666666666667,217.06666666666666,Worcestershire Sauce
Trial 1,10.5,274.1,27.233333333333334,113.03333333333333,230.36666666666667,217.06666666666666,Worcestershire Sauce
Trial 1,10.5,274.1,27.233333333333334,114.03333333333333,230.36666666666667,217.06666666666666,Worcestershire Sauce
Trial 1,11.5,274.1,27.233333333333334,113.03333333333333,229.36666666666667,216.06666666666666,Worcestershire Sauce
Trial 1,10.5,276.1,28.233333333333334,114.03333333333333,232.36666666666667,222.06666666666666,Worcestershire Sauce
Trial 1,10.5,274.1,27.233333333333334,114.03333333333333,230.36666666666667,218.06666666666666,Worcestershire Sauce
Trial 1,11.5,274.1,27.233333333333334,114.03333333333333,230.36666666666667,217.06666666666666,Worcestershire Sauce
Trial 1,11.5,276.1,27.233333333333334,114.03333333333333,230.36666666666667,217.06666666666666,Worcestershire Sauce
Trial 1,10.5,275.1,28.233333333333334,114.03333333333333,231.36666666666667,217.06666666666666,Worcestershire Sauce
Trial 1,10.5,276.1,27.233333333333334,115.03333333333333,232.36666666666667,221.06666666666666,Worcestershire Sauce
Trial 1,10.5,275.1,27.233333333333334,114.03333333333333,231.36666666666667,218.06666666666666,Worcestershire Sauce
Trial 1,11.5,276.1,28.233333333333334,115.03333333333333,231.36666666666667,218.06666666666666,Worcestershire Sauce
Trial 1,12.5,275.1,27.233333333333334,114.03333333333333,231.36666666666667,217.06666666666666,Worcestershire Sauce
Trial 1,10.5,277.1,28.233333333333334,115.03333333333333,233.36666666666667,219.06666666666666,Worcestershire Sauce
Trial 1,11.5,276.1,28.233333333333334,114.03333333333333,231.36666666666667,217.06666666666666,Worcestershire Sauce
Trial 1,10.5,277.1,29.233333333333334,115.03333333333333,233.36666666666667,220.06666666666666,Worcestershire Sauce
Trial 1,11.5,277.1,28.233333333333334,115.03333333333333,232.36666666666667,218.06666666666666,Worcestershire Sauce
Trial 1,11.5,277.1,28.233333333333334,115.03333333333333,230.36666666666667,217.06666666666666,Worcestershire Sauce
Trial 1,11.5,279.1,28.233333333333334,116.03333333333333,233.36666666666667,220.06666666666666,Worcestershire Sauce
Trial 1,12.5,279.1,29.233333333333334,115.03333333333333,235.36666666666667,222.06666666666666,Worcestershire Sauce
Trial 1,10.5,279.1,28.233333333333334,115.03333333333333,231.36666666666667,217.06666666666666,Worcestershire Sauce
Trial 1,11.5,278.1,28.233333333333334,115.03333333333333,231.36666666666667,217.06666666666666,Worcestershire Sauce
Trial 1,11.5,277.1,27.233333333333334,115.03333333333333,232.36666666666667,217.06666666666666,Worcestershire Sauce
Trial 1,12.5,278.1,29.233333333333334,116.03333333333333,232.36666666666667,219.06666666666666,Worcestershire Sauce
Trial 1,11.5,278.1,28.233333333333334,116.03333333333333,232.36666666666667,219.06666666666666,Worcestershire Sauce
Trial 1,11.5,281.1,29.233333333333334,116.03333333333333,234.36666666666667,220.06666666666666,Worcestershire Sauce
Trial 1,11.5,280.1,28.233333333333334,116.03333333333333,232.36666666666667,218.06666666666666,Worcestershire Sauce
Trial 1,12.5,279.1,29.233333333333334,117.03333333333333,235.36666666666667,222.06666666666666,Worcestershire Sauce
Trial 1,11.5,281.1,28.233333333333334,116.03333333333333,234.36666666666667,221.06666666666666,Worcestershire Sauce
Trial 1,11.5,279.1,27.233333333333334,116.03333333333333,233.36666666666667,220.06666666666666,Worcestershire Sauce
Trial 1,12.5,283.1,30.233333333333334,117.03333333333333,235.36666666666667,220.06666666666666,Worcestershire Sauce
Trial 1,12.5,281.1,29.233333333333334,117.03333333333333,233.36666666666667,221.06666666666666,Worcestershire Sauce
Trial 1,11.5,282.1,29.233333333333334,117.03333333333333,235.36666666666667,221.06666666666666,Worcestershire Sauce
Trial 1,12.5,285.1,29.233333333333334,118.03333333333333,234.36666666666667,222.06666666666666,Worcestershire Sauce
Trial 1,11.5,282.1,29.233333333333334,117.03333333333333,233.36666666666667,220.06666666666666,Worcestershire Sauce
Trial 1,11.5,282.1,30.233333333333334,117.03333333333333,233.36666666666667,220.06666666666666,Worcestershire Sauce
Trial 1,12.5,280.1,29.233333333333334,117.03333333333333,234.36666666666667,220.06666666666666,Worcestershire Sauce
Trial 1,12.5,282.1,29.233333333333334,118.03333333333333,233.36666666666667,219.06666666666666,Worcestershire Sauce
Trial 1,12.5,282.1,29.233333333333334,117.03333333333333,233.36666666666667,219.06666666666666,Worcestershire Sauce
Trial 1,11.5,282.1,29.233333333333334,118.03333333333333,234.36666666666667,220.06666666666666,Worcestershire Sauce
Trial 1,13.5,285.1,30.233333333333334,119.03333333333333,235.36666666666667,223.06666666666666,Worcestershire Sauce
Trial 1,12.5,283.1,29.233333333333334,119.03333333333333,234.36666666666667,220.06666666666666,Worcestershire Sauce
Trial 1,12.5,284.1,29.233333333333334,118.03333333333333,235.36666666666667,222.06666666666666,Worcestershire Sauce
Trial 1,11.5,284.1,29.233333333333334,118.03333333333333,235.36666666666667,223.06666666666666,Worcestershire Sauce
Trial 1,11.5,283.1,30.233333333333334,118.03333333333333,233.36666666666667,219.06666666666666,Worcestershire Sauce
Trial 1,10.5,285.1,30.233333333333334,119.03333333333333,237.36666666666667,223.06666666666666,Worcestershire Sauce
Trial 1,12.5,285.1,30.233333333333334,120.03333333333333,236.36666666666667,222.06666666666666,Worcestershire Sauce
Trial 1,12.5,284.1,29.233333333333334,118.03333333333333,234.36666666666667,220.06666666666666,Worcestershire Sauce
Trial 1,13.5,285.1,30.233333333333334,120.03333333333333,235.36666666666667,222.06666666666666,Worcestershire Sauce
Trial 1,11.5,284.1,29.233333333333334,119.03333333333333,235.36666666666667,220.06666666666666,Worcestershire Sauce
Trial 1,11.5,285.1,30.233333333333334,120.03333333333333,234.36666666666667,221.06666666666666,Worcestershire Sauce
Trial 1,11.5,285.1,30.233333333333334,119.03333333333333,235.36666666666667,225.06666666666666,Worcestershire Sauce
Trial 1,11.5,286.1,30.233333333333334,120.03333333333333,236.36666666666667,224.06666666666666,Worcestershire Sauce
Trial 1,12.5,285.1,30.233333333333334,119.03333333333333,235.36666666666667,220.06666666666666,Worcestershire Sauce
Trial 1,12.5,285.1,29.233333333333334,119.03333333333333,234.36666666666667,220.06666666666666,Worcestershire Sauce
Trial 1,11.5,286.1,30.233333333333334,120.03333333333333,235.36666666666667,222.06666666666666,Worcestershire Sauce
Trial 1,12.5,286.1,30.233333333333334,120.03333333333333,235.36666666666667,221.06666666666666,Worcestershire Sauce
Trial 1,12.5,285.1,29.233333333333334,119.03333333333333,234.36666666666667,221.06666666666666,Worcestershire Sauce
Trial 1,12.5,286.1,30.233333333333334,119.03333333333333,235.36666666666667,220.06666666666666,Worcestershire Sauce
Trial 1,12.5,286.1,30.233333333333334,120.03333333333333,235.36666666666667,220.06666666666666,Worcestershire Sauce
Trial 1,12.5,287.1,31.233333333333334,121.03333333333333,238.36666666666667,223.06666666666666,Worcestershire Sauce
Trial 1,13.5,288.1,30.233333333333334,121.03333333333333,237.36666666666667,223.06666666666666,Worcestershire Sauce
Trial 1,12.5,287.1,30.233333333333334,121.03333333333333,236.36666666666667,221.06666666666666,Worcestershire Sauce
Trial 1,13.5,286.1,30.233333333333334,121.03333333333333,236.36666666666667,221.06666666666666,Worcestershire Sauce
Trial 1,12.5,287.1,29.233333333333334,120.03333333333333,234.36666666666667,221.06666666666666,Worcestershire Sauce
Trial 1,13.5,289.1,30.233333333333334,122.03333333333333,238.36666666666667,222.06666666666666,Worcestershire Sauce
Trial 1,12.5,290.1,30.233333333333334,121.03333333333333,238.36666666666667,223.06666666666666,Worcestershire Sauce
Trial 1,12.5,289.1,31.233333333333334,121.03333333333333,236.36666666666667,222.06666666666666,Worcestershire Sauce
Trial 1,12.5,288.1,30.233333333333334,121.03333333333333,236.36666666666667,221.06666666666666,Worcestershire Sauce
Trial 1,11.5,289.1,30.233333333333334,122.03333333333333,237.36666666666667,222.06666666666666,Worcestershire Sauce
Trial 1,12.5,289.1,30.233333333333334,122.03333333333333,236.36666666666667,222.06666666666666,Worcestershire Sauce
Trial 1,12.5,289.1,31.233333333333334,121.03333333333333,235.36666666666667,220.06666666666666,Worcestershire Sauce
Trial 1,12.5,289.1,31.233333333333334,122.03333333333333,237.36666666666667,222.06666666666666,Worcestershire Sauce
Trial 1,12.5,291.1,32.233333333333334,122.03333333333333,239.36666666666667,224.06666666666666,Worcestershire Sauce
Trial 1,12.5,290.1,31.233333333333334,121.03333333333333,236.36666666666667,221.06666666666666,Worcestershire Sauce
Trial 1,12.5,291.1,32.233333333333334,123.03333333333333,241.36666666666667,226.06666666666666,Worcestershire Sauce
Trial 1,13.5,291.1,31.233333333333334,122.03333333333333,237.36666666666667,223.06666666666666,Worcestershire Sauce
Trial 1,13.5,290.1,31.233333333333334,122.03333333333333,237.36666666666667,222.06666666666666,Worcestershire Sauce
Trial 1,13.5,289.1,32.233333333333334,122.03333333333333,237.36666666666667,222.06666666666666,Worcestershire Sauce
Trial 1,12.5,292.1,31.233333333333334,122.03333333333333,238.36666666666667,223.06666666666666,Worcestershire Sauce
Trial 1,13.5,291.1,31.233333333333334,123.03333333333333,238.36666666666667,223.06666666666666,Worcestershire Sauce
Trial 1,12.5,292.1,31.233333333333334,123.03333333333333,238.36666666666667,223.06666666666666,Worcestershire Sauce
Trial 1,14.5,291.1,32.233333333333334,123.03333333333333,238.36666666666667,223.06666666666666,Worcestershire Sauce
Trial 1,13.5,291.1,31.233333333333334,123.03333333333333,238.36666666666667,223.06666666666666,Worcestershire Sauce
Trial 1,14.5,291.1,31.233333333333334,123.03333333333333,238.36666666666667,223.06666666666666,Worcestershire Sauce
Trial 1,13.5,291.1,32.233333333333334,123.03333333333333,236.36666666666667,221.06666666666666,Worcestershire Sauce
Trial 1,13.5,293.1,31.233333333333334,124.03333333333333,238.36666666666667,223.06666666666666,Worcestershire Sauce
Trial 1,13.5,292.1,31.233333333333334,124.03333333333333,238.36666666666667,222.06666666666666,Worcestershire Sauce
Trial 1,12.5,294.1,32.233333333333334,124.03333333333333,240.36666666666667,225.06666666666666,Worcestershire Sauce
Trial 1,13.5,294.1,32.233333333333334,125.03333333333333,242.36666666666667,226.06666666666666,Worcestershire Sauce
Trial 1,13.5,293.1,32.233333333333334,125.03333333333333,242.36666666666667,227.06666666666666,Worcestershire Sauce
Trial 1,12.5,292.1,32.233333333333334,124.03333333333333,238.36666666666667,223.06666666666666,Worcestershire Sauce
Trial 1,13.5,293.1,32.233333333333334,124.03333333333333,237.36666666666667,222.06666666666666,Worcestershire Sauce
Trial 1,13.5,293.1,31.233333333333334,124.03333333333333,241.36666666666667,224.06666666666666,Worcestershire Sauce
Trial 1,13.5,294.1,32.233333333333334,124.03333333333333,238.36666666666667,222.06666666666666,Worcestershire Sauce
Trial 1,13.5,294.1,31.233333333333334,126.03333333333333,241.36666666666667,224.06666666666666,Worcestershire Sauce
Trial 1,12.5,296.1,31.233333333333334,125.03333333333333,241.36666666666667,226.06666666666666,Worcestershire Sauce
Trial 1,13.5,293.1,32.233333333333334,125.03333333333333,239.36666666666667,222.06666666666666,Worcestershire Sauce
Trial 1,13.5,295.1,32.233333333333334,125.03333333333333,239.36666666666667,222.06666666666666,Worcestershire Sauce
Trial 1,12.5,294.1,32.233333333333334,126.03333333333333,240.36666666666667,223.06666666666666,Worcestershire Sauce
Trial 1,13.5,297.1,33.233333333333334,126.03333333333333,244.36666666666667,229.06666666666666,Worcestershire Sauce
Trial 1,13.5,295.1,33.233333333333334,124.03333333333333,239.36666666666667,226.06666666666666,Worcestershire Sauce
Trial 1,13.5,295.1,32.233333333333334,125.03333333333333,240.36666666666667,223.06666666666666,Worcestershire Sauce
Trial 1,11.5,296.1,33.233333333333334,126.03333333333333,243.36666666666667,227.06666666666666,Worcestershire Sauce
Trial 1,13.5,297.1,32.233333333333334,126.03333333333333,244.36666666666667,230.06666666666666,Worcestershire Sauce
Trial 1,13.5,295.1,32.233333333333334,125.03333333333333,240.36666666666667,223.06666666666666,Worcestershire Sauce
Trial 1,13.5,296.1,32.233333333333334,126.03333333333333,239.36666666666667,222.06666666666666,Worcestershire Sauce
Trial 1,13.5,295.1,33.233333333333334,126.03333333333333,241.36666666666667,226.06666666666666,Worcestershire Sauce
Trial 1,13.5,296.1,33.233333333333334,126.03333333333333,241.36666666666667,225.06666666666666,Worcestershire Sauce
Trial 1,13.5,296.1,33.233333333333334,126.03333333333333,240.36666666666667,225.06666666666666,Worcestershire Sauce
Trial 1,13.5,296.1,32.233333333333334,126.03333333333333,241.36666666666667,225.06666666666666,Worcestershire Sauce
Trial 1,14.5,297.1,32.233333333333334,126.03333333333333,240.36666666666667,223.06666666666666,Worcestershire Sauce
Trial 1,14.5,297.1,32.233333333333334,126.03333333333333,240.36666666666667,224.06666666666666,Worcestershire Sauce
Trial 1,14.5,298.1,33.233333333333334,127.03333333333333,242.36666666666667,223.06666666666666,Worcestershire Sauce
Trial 1,14.5,297.1,32.233333333333334,127.03333333333333,241.36666666666667,224.06666666666666,Worcestershire Sauce
Trial 1,15.5,299.1,33.233333333333334,127.03333333333333,243.36666666666667,226.06666666666666,Worcestershire Sauce
Trial 1,13.5,299.1,33.233333333333334,127.03333333333333,244.36666666666667,228.06666666666666,Worcestershire Sauce
Trial 1,14.5,298.1,33.233333333333334,126.03333333333333,241.36666666666667,225.06666666666666,Worcestershire Sauce
Trial 1,14.5,298.1,34.233333333333334,127.03333333333333,241.36666666666667,224.06666666666666,Worcestershire Sauce
Trial 1,14.5,298.1,32.233333333333334,126.03333333333333,241.36666666666667,224.06666666666666,Worcestershire Sauce
Trial 1,13.5,299.1,33.233333333333334,128.03333333333333,243.36666666666667,226.06666666666666,Worcestershire Sauce
Trial 1,14.5,299.1,33.233333333333334,127.03333333333333,242.36666666666667,225.06666666666666,Worcestershire Sauce
Trial 1,14.5,299.1,33.233333333333334,127.03333333333333,243.36666666666667,228.06666666666666,Worcestershire Sauce
Trial 1,13.5,298.1,31.233333333333334,128.03333333333333,245.36666666666667,230.06666666666666,Worcestershire Sauce
Trial 1,14.5,299.1,33.233333333333334,127.03333333333333,241.36666666666667,224.06666666666666,Worcestershire Sauce
Trial 1,14.5,298.1,32.233333333333334,128.03333333333333,242.36666666666667,226.06666666666666,Worcestershire Sauce
Trial 1,14.5,300.1,33.233333333333334,128.03333333333333,242.36666666666667,226.06666666666666,Worcestershire Sauce
Trial 1,14.5,298.1,33.233333333333334,128.03333333333333,242.36666666666667,225.06666666666666,Worcestershire Sauce
Trial 1,14.5,300.1,33.233333333333334,129.03333333333333,242.36666666666667,225.06666666666666,Worcestershire Sauce
Trial 1,14.5,301.1,33.233333333333334,128.03333333333333,244.36666666666667,229.06666666666666,Worcestershire Sauce
Trial 1,14.5,300.1,33.233333333333334,128.03333333333333,242.36666666666667,226.06666666666666,Worcestershire Sauce
Trial 1,13.5,301.1,33.233333333333334,129.03333333333333,247.36666666666667,230.06666666666666,Worcestershire Sauce
Trial 1,15.5,302.1,33.233333333333334,129.03333333333333,244.36666666666667,226.06666666666666,Worcestershire Sauce
Trial 1,14.5,300.1,33.233333333333334,128.03333333333333,242.36666666666667,225.06666666666666,Worcestershire Sauce
Trial 1,14.5,301.1,34.233333333333334,129.03333333333333,243.36666666666667,226.06666666666666,Worcestershire Sauce
Trial 1,13.5,301.1,34.233333333333334,129.03333333333333,244.36666666666667,227.06666666666666,Worcestershire Sauce
Trial 1,15.5,303.1,34.233333333333334,129.03333333333333,246.36666666666667,228.06666666666666,Worcestershire Sauce
Trial 1,14.5,302.1,33.233333333333334,130.03333333333333,247.36666666666667,230.06666666666666,Worcestershire Sauce
Trial 1,14.5,301.1,33.233333333333334,128.03333333333333,242.36666666666667,225.06666666666666,Worcestershire Sauce
Trial 1,14.5,303.1,34.233333333333334,129.03333333333333,246.36666666666667,229.06666666666666,Worcestershire Sauce
Trial 1,14.5,301.1,34.233333333333334,129.03333333333333,243.36666666666667,225.06666666666666,Worcestershire Sauce
Trial 1,14.5,302.1,34.233333333333334,129.03333333333333,244.36666666666667,227.06666666666666,Worcestershire Sauce
Trial 1,14.5,303.1,33.233333333333334,130.03333333333333,244.36666666666667,227.06666666666666,Worcestershire Sauce
Trial 1,14.5,303.1,34.233333333333334,130.03333333333333,243.36666666666667,226.06666666666666,Worcestershire Sauce
Trial 1,15.5,305.1,34.233333333333334,131.03333333333333,247.36666666666667,229.06666666666666,Worcestershire Sauce
Trial 1,15.5,303.1,35.233333333333334,130.03333333333333,243.36666666666667,225.06666666666666,Worcestershire Sauce
Trial 1,14.5,303.1,34.233333333333334,130.03333333333333,244.36666666666667,227.06666666666666,Worcestershire Sauce
Trial 1,14.5,303.1,34.233333333333334,130.03333333333333,244.36666666666667,227.06666666666666,Worcestershire Sauce
Trial 1,15.5,304.1,34.233333333333334,131.03333333333333,245.36666666666667,228.06666666666666,Worcestershire Sauce
Trial 1,14.5,302.1,34.233333333333334,130.03333333333333,244.36666666666667,227.06666666666666,Worcestershire Sauce
Trial 1,15.5,305.1,35.233333333333334,132.03333333333333,249.36666666666667,233.06666666666666,Worcestershire Sauce
Trial 1,15.5,305.1,34.233333333333334,131.03333333333333,249.36666666666667,231.06666666666666,Worcestershire Sauce
Trial 1,14.5,305.1,34.233333333333334,131.03333333333333,246.36666666666667,228.06666666666666,Worcestershire Sauce
Trial 1,14.5,305.1,34.233333333333334,131.03333333333333,246.36666666666667,226.06666666666666,Worcestershire Sauce
Trial 1,15.5,303.1,34.233333333333334,130.03333333333333,245.36666666666667,225.06666666666666,Worcestershire Sauce
Trial 1,15.5,304.1,35.233333333333334,131.03333333333333,245.36666666666667,226.06666666666666,Worcestershire Sauce
Trial 1,15.5,304.1,34.233333333333334,130.03333333333333,244.36666666666667,225.06666666666666,Worcestershire Sauce
Trial 1,15.5,304.1,35.233333333333334,131.03333333333333,245.36666666666667,226.06666666666666,Worcestershire Sauce
Trial 1,14.5,305.1,34.233333333333334,131.03333333333333,244.36666666666667,226.06666666666666,Worcestershire Sauce
Trial 1,14.5,305.1,35.233333333333334,131.03333333333333,245.36666666666667,227.06666666666666,Worcestershire Sauce
Trial 1,15.5,305.1,35.233333333333334,132.03333333333333,246.36666666666667,229.06666666666666,Worcestershire Sauce
Trial 1,15.5,306.1,34.233333333333334,132.03333333333333,248.36666666666667,229.06666666666666,Worcestershire Sauce
Trial 1,15.5,305.1,35.233333333333334,131.03333333333333,245.36666666666667,226.06666666666666,Worcestershire Sauce
Trial 1,15.5,304.1,34.233333333333334,131.03333333333333,247.36666666666667,229.06666666666666,Worcestershire Sauce
Trial 1,15.5,305.1,35.233333333333334,131.03333333333333,246.36666666666667,227.06666666666666,Worcestershire Sauce
Trial 1,15.5,306.1,35.233333333333334,132.03333333333333,249.36666666666667,229.06666666666666,Worcestershire Sauce
Trial 1,15.5,308.1,35.233333333333334,130.03333333333333,245.36666666666667,226.06666666666666,Worcestershire Sauce
Trial 1,14.5,306.1,35.233333333333334,132.03333333333333,248.36666666666667,228.06666666666666,Worcestershire Sauce
Trial 1,14.5,306.1,35.233333333333334,132.03333333333333,246.36666666666667,227.06666666666666,Worcestershire Sauce
Trial 1,15.5,306.1,35.233333333333334,132.03333333333333,246.36666666666667,227.06666666666666,Worcestershire Sauce
Trial 1,15.5,306.1,35.233333333333334,132.03333333333333,250.36666666666667,228.06666666666666,Worcestershire Sauce
Trial 1,15.5,306.1,35.233333333333334,132.03333333333333,246.36666666666667,228.06666666666666,Worcestershire Sauce
Trial 1,15.5,307.1,35.233333333333334,133.03333333333333,247.36666666666667,228.06666666666666,Worcestershire Sauce
Trial 1,15.5,307.1,35.233333333333334,132.03333333333333,246.36666666666667,227.06666666666666,Worcestershire Sauce
Trial 1,14.5,307.1,35.233333333333334,132.03333333333333,246.36666666666667,228.06666666666666,Worcestershire Sauce
Trial 1,15.5,307.1,35.233333333333334,133.03333333333333,246.36666666666667,227.06666666666666,Worcestershire Sauce
Trial 1,15.5,308.1,35.233333333333334,133.03333333333333,247.36666666666667,229.06666666666666,Worcestershire Sauce
Trial 1,15.5,306.1,36.233333333333334,132.03333333333333,247.36666666666667,229.06666666666666,Worcestershire Sauce
Trial 1,15.5,309.1,35.233333333333334,135.03333333333333,253.36666666666667,232.06666666666666,Worcestershire Sauce
Trial 1,15.5,309.1,36.233333333333334,134.03333333333333,249.36666666666667,231.06666666666666,Worcestershire Sauce
Trial 1,15.5,308.1,37.233333333333334,133.03333333333333,247.36666666666667,228.06666666666666,Worcestershire Sauce
Trial 1,15.5,309.1,36.233333333333334,133.03333333333333,247.36666666666667,226.06666666666666,Worcestershire Sauce
Trial 1,15.5,310.1,36.233333333333334,134.03333333333333,248.36666666666667,232.06666666666666,Worcestershire Sauce
Trial 1,15.5,310.1,36.233333333333334,134.03333333333333,247.36666666666667,228.06666666666666,Worcestershire Sauce
Trial 1,16.5,307.1,36.233333333333334,133.03333333333333,247.36666666666667,228.06666666666666,Worcestershire Sauce
Trial 1,16.5,310.1,36.233333333333334,134.03333333333333,249.36666666666667,229.06666666666666,Worcestershire Sauce
Trial 1,16.5,310.1,35.233333333333334,135.03333333333333,249.36666666666667,230.06666666666666,Worcestershire Sauce
Trial 1,14.5,312.1,37.233333333333334,136.03333333333333,253.36666666666667,233.06666666666666,Worcestershire Sauce
Trial 1,15.5,311.1,36.233333333333334,135.03333333333333,249.36666666666667,229.06666666666666,Worcestershire Sauce
Trial 1,15.5,309.1,35.233333333333334,133.03333333333333,247.36666666666667,226.06666666666666,Worcestershire Sauce
Trial 1,14.5,309.1,36.233333333333334,134.03333333333333,248.36666666666667,229.06666666666666,Worcestershire Sauce
Trial 1,16.5,309.1,35.233333333333334,134.03333333333333,247.36666666666667,229.06666666666666,Worcestershire Sauce
Trial 1,15.5,310.1,35.233333333333334,134.03333333333333,249.36666666666667,230.06666666666666,Worcestershire Sauce
Trial 1,16.5,310.1,36.233333333333334,135.03333333333333,248.36666666666667,227.06666666666666,Worcestershire Sauce
Trial 1,16.5,312.1,36.233333333333334,136.03333333333333,252.36666666666667,231.06666666666666,Worcestershire Sauce
Trial 1,15.5,313.1,38.233333333333334,135.03333333333333,250.36666666666667,231.06666666666666,Worcestershire Sauce
Trial 1,16.5,312.1,36.233333333333334,135.03333333333333,253.36666666666667,234.06666666666666,Worcestershire Sauce
Trial 1,15.5,310.1,36.233333333333334,135.03333333333333,249.36666666666667,229.06666666666666,Worcestershire Sauce
Trial 1,15.5,310.1,36.233333333333334,134.03333333333333,248.36666666666667,229.06666666666666,Worcestershire Sauce
Trial 1,15.5,311.1,36.233333333333334,136.03333333333333,250.36666666666667,231.06666666666666,Worcestershire Sauce
Trial 1,15.5,310.1,36.233333333333334,135.03333333333333,250.36666666666667,230.06666666666666,Worcestershire Sauce
Trial 1,15.5,312.1,36.233333333333334,136.03333333333333,250.36666666666667,230.06666666666666,Worcestershire Sauce
Trial 1,14.5,310.1,37.233333333333334,135.03333333333333,249.36666666666667,230.06666666666666,Worcestershire Sauce
Trial 1,15.5,313.1,37.233333333333334,137.03333333333333,250.36666666666667,230.06666666666666,Worcestershire Sauce
Trial 1,15.5,312.1,36.233333333333334,135.03333333333333,251.36666666666667,231.06666666666666,Worcestershire Sauce
Trial 1,15.5,312.1,37.233333333333334,135.03333333333333,249.36666666666667,231.06666666666666,Worcestershire Sauce
Trial 1,15.5,313.1,37.233333333333334,136.03333333333333,250.36666666666667,229.06666666666666,Worcestershire Sauce
Trial 1,16.5,313.1,36.233333333333334,136.03333333333333,252.36666666666667,230.06666666666666,Worcestershire Sauce
Trial 1,16.5,313.1,37.233333333333334,136.03333333333333,250.36666666666667,229.06666666666666,Worcestershire Sauce
Trial 1,15.5,312.1,37.233333333333334,136.03333333333333,250.36666666666667,229.06666666666666,Worcestershire Sauce
Trial 1,16.5,313.1,37.233333333333334,136.03333333333333,251.36666666666667,230.06666666666666,Worcestershire Sauce
Trial 1,16.5,313.1,36.233333333333334,136.03333333333333,251.36666666666667,229.06666666666666,Worcestershire Sauce
Trial 1,15.5,313.1,36.233333333333334,136.03333333333333,248.36666666666667,228.06666666666666,Worcestershire Sauce
Trial 1,15.5,313.1,36.233333333333334,136.03333333333333,251.36666666666667,230.06666666666666,Worcestershire Sauce
Trial 1,16.5,314.1,36.233333333333334,137.03333333333333,254.36666666666667,235.06666666666666,Worcestershire Sauce
Trial 1,16.5,313.1,37.233333333333334,136.03333333333333,251.36666666666667,231.06666666666666,Worcestershire Sauce
Trial 1,16.5,314.1,38.233333333333334,136.03333333333333,250.36666666666667,229.06666666666666,Worcestershire Sauce
Trial 1,15.5,312.1,37.233333333333334,137.03333333333333,252.36666666666667,231.06666666666666,Worcestershire Sauce
Trial 1,16.5,315.1,37.233333333333334,136.03333333333333,252.36666666666667,231.06666666666666,Worcestershire Sauce
Trial 1,15.5,313.1,37.233333333333334,136.03333333333333,249.36666666666667,229.06666666666666,Worcestershire Sauce
Trial 1,16.5,317.1,37.233333333333334,139.03333333333333,254.36666666666667,231.06666666666666,Worcestershire Sauce
Trial 1,15.5,315.1,37.233333333333334,138.03333333333333,252.36666666666667,232.06666666666666,Worcestershire Sauce
Trial 1,14.5,317.1,38.233333333333334,138.03333333333333,255.36666666666667,233.06666666666666,Worcestershire Sauce
Trial 1,16.5,315.1,37.233333333333334,137.03333333333333,252.36666666666667,231.06666666666666,Worcestershire Sauce
Trial 1,16.5,315.1,37.233333333333334,137.03333333333333,251.36666666666667,230.06666666666666,Worcestershire Sauce
Trial 1,15.5,316.1,37.233333333333334,138.03333333333333,254.36666666666667,235.06666666666666,Worcestershire Sauce
Trial 1,16.5,314.1,37.233333333333334,137.03333333333333,250.36666666666667,228.06666666666666,Worcestershire Sauce
Trial 1,16.5,315.1,37.233333333333334,137.03333333333333,252.36666666666667,230.06666666666666,Worcestershire Sauce
Trial 1,15.5,316.1,37.233333333333334,138.03333333333333,253.36666666666667,231.06666666666666,Worcestershire Sauce
Trial 1,16.5,317.1,37.233333333333334,139.03333333333333,254.36666666666667,232.06666666666666,Worcestershire Sauce
Trial 1,16.5,316.1,37.233333333333334,139.03333333333333,252.36666666666667,230.06666666666666,Worcestershire Sauce
Trial 1,15.5,319.1,38.233333333333334,138.03333333333333,253.36666666666667,231.06666666666666,Worcestershire Sauce
Trial 1,16.5,318.1,37.233333333333334,137.03333333333333,251.36666666666667,230.06666666666666,Worcestershire Sauce
Trial 1,16.5,317.1,38.233333333333334,138.03333333333333,252.36666666666667,231.06666666666666,Worcestershire Sauce
Trial 1,16.5,316.1,37.233333333333334,139.03333333333333,252.36666666666667,232.06666666666666,Worcestershire Sauce
Trial 1,16.5,315.1,37.233333333333334,138.03333333333333,251.36666666666667,230.06666666666666,Worcestershire Sauce
Trial 1,16.5,316.1,37.233333333333334,138.03333333333333,252.36666666666667,229.06666666666666,Worcestershire Sauce
Trial 1,16.5,318.1,38.233333333333334,139.03333333333333,254.36666666666667,232.06666666666666,Worcestershire Sauce
Trial 1,17.5,318.1,38.233333333333334,139.03333333333333,255.36666666666667,232.06666666666666,Worcestershire Sauce
Trial 1,16.5,316.1,37.233333333333334,139.03333333333333,252.36666666666667,229.06666666666666,Worcestershire Sauce
Trial 1,16.5,316.1,37.233333333333334,138.03333333333333,250.36666666666667,228.06666666666666,Worcestershire Sauce
Trial 1,17.5,318.1,37.233333333333334,139.03333333333333,255.36666666666667,235.06666666666666,Worcestershire Sauce
Trial 1,17.5,316.1,37.233333333333334,139.03333333333333,252.36666666666667,230.06666666666666,Worcestershire Sauce
Trial 1,16.5,318.1,38.233333333333334,139.03333333333333,256.3666666666667,235.06666666666666,Worcestershire Sauce
Trial 1,17.5,317.1,38.233333333333334,139.03333333333333,252.36666666666667,230.06666666666666,Worcestershire Sauce
Trial 1,16.5,318.1,38.233333333333334,139.03333333333333,253.36666666666667,231.06666666666666,Worcestershire Sauce
Trial 1,17.5,318.1,38.233333333333334,139.03333333333333,252.36666666666667,229.06666666666666,Worcestershire Sauce
Trial 1,16.5,318.1,37.233333333333334,140.03333333333333,252.36666666666667,230.06666666666666,Worcestershire Sauce
Trial 1,16.5,318.1,38.233333333333334,139.03333333333333,254.36666666666667,232.06666666666666,Worcestershire Sauce
Trial 1,17.5,318.1,38.233333333333334,140.03333333333333,253.36666666666667,231.06666666666666,Worcestershire Sauce
Trial 1,17.5,320.1,39.233333333333334,140.03333333333333,255.36666666666667,231.06666666666666,Worcestershire Sauce
Trial 1,17.5,319.1,38.233333333333334,139.03333333333333,254.36666666666667,231.06666666666666,Worcestershire Sauce
Trial 1,16.5,320.1,39.233333333333334,140.03333333333333,255.36666666666667,233.06666666666666,Worcestershire Sauce
Trial 1,17.5,319.1,39.233333333333334,140.03333333333333,254.36666666666667,231.06666666666666,Worcestershire Sauce
Trial 1,17.5,319.1,38.233333333333334,140.03333333333333,254.36666666666667,228.06666666666666,Worcestershire Sauce
Trial 1,16.5,321.1,38.233333333333334,142.03333333333333,256.3666666666667,233.06666666666666,Worcestershire Sauce
Trial 1,16.5,319.1,38.233333333333334,140.03333333333333,254.36666666666667,232.06666666666666,Worcestershire Sauce
Trial 1,16.5,319.1,38.233333333333334,140.03333333333333,254.36666666666667,231.06666666666666,Worcestershire Sauce
Trial 1,17.5,321.1,38.233333333333334,140.03333333333333,255.36666666666667,231.06666666666666,Worcestershire Sauce
Trial 1,17.5,320.1,37.233333333333334,141.03333333333333,256.3666666666667,233.06666666666666,Worcestershire Sauce
Trial 1,17.5,320.1,38.233333333333334,140.03333333333333,254.36666666666667,232.06666666666666,Worcestershire Sauce
Trial 1,17.5,319.1,39.233333333333334,139.03333333333333,253.36666666666667,231.06666666666666,Worcestershire Sauce
Trial 1,17.5,319.1,39.233333333333334,140.03333333333333,254.36666666666667,231.06666666666666,Worcestershire Sauce
Trial 1,17.5,319.1,39.233333333333334,140.03333333333333,255.36666666666667,231.06666666666666,Worcestershire Sauce
Trial 1,16.5,320.1,38.233333333333334,141.03333333333333,256.3666666666667,233.06666666666666,Worcestershire Sauce
Trial 1,16.5,320.1,39.233333333333334,140.03333333333333,254.36666666666667,232.06666666666666,Worcestershire Sauce
Trial 1,17.5,320.1,38.233333333333334,141.03333333333333,254.36666666666667,232.06666666666666,Worcestershire Sauce
Trial 1,16.5,321.1,39.233333333333334,142.03333333333333,257.3666666666667,236.06666666666666,Worcestershire Sauce
Trial 1,17.5,320.1,38.233333333333334,141.03333333333333,254.36666666666667,234.06666666666666,Worcestershire Sauce
Trial 1,17.5,323.1,39.233333333333334,142.03333333333333,258.3666666666667,235.06666666666666,Worcestershire Sauce
Trial 1,17.5,322.1,39.233333333333334,141.03333333333333,256.3666666666667,233.06666666666666,Worcestershire Sauce
Trial 1,17.5,321.1,39.233333333333334,141.03333333333333,255.36666666666667,231.06666666666666,Worcestershire Sauce
Trial 1,17.5,320.1,38.233333333333334,141.03333333333333,255.36666666666667,231.06666666666666,Worcestershire Sauce
Trial 1,17.5,321.1,39.233333333333334,141.03333333333333,254.36666666666667,231.06666666666666,Worcestershire Sauce
Trial 1,16.5,321.1,39.233333333333334,141.03333333333333,255.36666666666667,233.06666666666666,Worcestershire Sauce
Trial 1,16.5,321.1,39.233333333333334,141.03333333333333,255.36666666666667,234.06666666666666,Worcestershire Sauce
Trial 1,16.5,324.1,39.233333333333334,143.03333333333333,258.3666666666667,234.06666666666666,Worcestershire Sauce
Trial 1,18.5,322.1,39.233333333333334,142.03333333333333,257.3666666666667,233.06666666666666,Worcestershire Sauce
Trial 1,17.5,322.1,38.233333333333334,142.03333333333333,256.3666666666667,233.06666666666666,Worcestershire Sauce
Trial 1,17.5,322.1,39.233333333333334,142.03333333333333,255.36666666666667,232.06666666666666,Worcestershire Sauce
Trial 1,17.5,322.1,38.233333333333334,142.03333333333333,262.3666666666667,236.06666666666666,Worcestershire Sauce
Trial 1,17.5,322.1,39.233333333333334,142.03333333333333,255.36666666666667,231.06666666666666,Worcestershire Sauce
Trial 1,16.5,322.1,39.233333333333334,142.03333333333333,255.36666666666667,232.06666666666666,Worcestershire Sauce
Trial 1,17.5,323.1,40.233333333333334,143.03333333333333,256.3666666666667,233.06666666666666,Worcestershire Sauce
